<eyeInstaller>
	<conf>
		<sec>
			<add>
				<ROOT_JAILED>0</ROOT_JAILED>
				<ADMINS_JAILED>1</ADMINS_JAILED>
				<SECURE_LOGIN>1</SECURE_LOGIN>
			</add>
			<delete>PROTECTED_IP_SESSIONS</delete>
		</sec>
		<system>
			<add>
				<DEFAULT_I18N>en</DEFAULT_I18N>
				<DEFAULT_LANGUAGE>en</DEFAULT_LANGUAGE>
				<OFFICE_COMMAND>soffice</OFFICE_COMMAND>
				<OFFICE_SEPARATOR_ARG>'</OFFICE_SEPARATOR_ARG>
				<OFFICE_USE_DISPLAY>1</OFFICE_USE_DISPLAY>
				<PING_INTERVAL>120</PING_INTERVAL>
				<SESSION_EXPIRE>3600</SESSION_EXPIRE>
				<USE_COMPRESSED>1</USE_COMPRESSED>
				<WEB_UPLOAD>1</WEB_UPLOAD>
				<ONEYE_LOG>0</ONEYE_LOG>
			</add>
			<delete>CACHE_VERSION</delete>
			<delete>EXTERN_CACHE</delete>
			<delete>EXTERN_CACHE_AUTO</delete>
			<delete>EXTERN_CACHE_MANUAL</delete>
		</system>
		<eyex>
			<update>
				<DEFAULT_THEME>defaultPlus</DEFAULT_THEME>
			</update>
		</eyex>
	</conf>
	<files>
		<delete>%extern%/libs/eyeWidgets/tiny_mce/</delete>
		<!-- eyeOS 1.6.0.0 -->
		<delete>%apps%/eyeContacts/edit_contact_form.eyecode</delete>
		<delete>%apps%/eyeContacts/export_import_form.eyecode</delete>
		<delete>%apps%/eyeContacts/list_contacts_form.eyecode</delete>
		<delete>%apps%/eyeContacts/new_contact_form.eyecode</delete>
		<delete>%apps%/eyeContacts/show_contact_table.eyecode</delete>
		<delete>%apps%/eyeRSS/</delete>
		<delete>%apps%/eyeSnow/</delete>
		<delete>%apps%/share/filetypes/eyedb.xml</delete>
		<delete>%extern%/apps/eyeCalc/img/</delete>
		<delete>%extern%/apps/eyeRSS/</delete>
		<delete>%system%/conf/skel/conf/eyeRSS/</delete>
		<delete>%system%/conf/skel/files/Desktop/Software.eyeLink</delete>
		<delete>%system%/lib/eyeWidgets/widgets/MDI.eyecode</delete>
		<delete>%system%/lib/eyeWidgets/widgets/SDI.eyecode</delete>
		<delete>%system%/lib/eyeWidgets/widgets/Shape.eyecode</delete>
		<delete>%system%/lib/eyeWidgets/widgets/Slider.eyecode</delete>
		<delete>%extern%/apps/eyeX/themes/default/icons/48x48/eyeRSS.png</delete>
		<!-- eyeOS 1.6.0.3 -->
		<delete>%apps%/eyeControl/default/general.eyecode</delete>
		<delete>%apps%/eyeControl/events/general.eyecode</delete>
		<delete>%apps%/share/eyeNav/</delete>
		<!-- eyeOS 1.7.0.0 -->
		<delete>%apps%/eyeControl/lang/en.eyecode</delete>
		<delete>%apps%/propertyTrash/</delete>
		<delete>%apps%/share/eyeManageApps/</delete>
		<delete>%extern%/apps/eyeCalendar/gfx/</delete>
		<delete>%extern%/apps/eyeChess/0.png</delete>
		<delete>%extern%/apps/eyeChess/1.png</delete>
		<delete>%extern%/apps/eyeChess/10.png</delete>
		<delete>%extern%/apps/eyeChess/11.png</delete>
		<delete>%extern%/apps/eyeChess/12.png</delete>
		<delete>%extern%/apps/eyeChess/13.png</delete>
		<delete>%extern%/apps/eyeChess/14.png</delete>
		<delete>%extern%/apps/eyeChess/2.png</delete>
		<delete>%extern%/apps/eyeChess/3.png</delete>
		<delete>%extern%/apps/eyeChess/4.png</delete>
		<delete>%extern%/apps/eyeChess/5.png</delete>
		<delete>%extern%/apps/eyeChess/6.png</delete>
		<delete>%extern%/apps/eyeChess/7.png</delete>
		<delete>%extern%/apps/eyeChess/8.png</delete>
		<delete>%extern%/apps/eyeChess/9.png</delete>
		<delete>%extern%/apps/eyeChess/IE/</delete>
		<delete>%extern%/apps/eyeControl/</delete>
		<delete>%extern%/apps/eyeFeeds/</delete>
		<delete>%extern%/apps/eyeFTP/gfx/</delete>
		<delete>%extern%/apps/eyeMail/</delete>
		<delete>%extern%/apps/eyeNav/</delete>
		<delete>%extern%/apps/eyeSnow/0.png</delete>
		<delete>%extern%/apps/eyeSnow/1.png</delete>
		<delete>%extern%/apps/eyeSnow/2.png</delete>
		<delete>%extern%/apps/eyeSnow/3.png</delete>
		<delete>%extern%/apps/eyeSoft/</delete>
		<delete>%extern%/apps/eyeTrash/</delete>
		<delete>%extern%/apps/eyeX/themes/default/icons/48x48/autorun.png</delete>
		<delete>%extern%/apps/eyeX/themes/default/icons/48x48/filemanager.png</delete>
		<delete>%extern%/apps/eyeX/themes/default/icons/48x48/managegroups.png</delete>
		<delete>%extern%/apps/eyeX/themes/default/icons/48x48/manageusers.png</delete>
		<delete>%extern%/apps/eyeX/themes/default/icons/48x48/webbrowser.png</delete>
		<delete>%extern%/apps/eyeX/themes/default/images/widgets/folder.png</delete>
		<delete>%extern%/apps/eyeX/themes/default/images/widgets/folder_open.png</delete>
		<delete>%extern%/apps/eyeX/themes/default/images/widgets/tabtopbg.png</delete>
		<delete>%extern%/apps/miniActions/</delete>
		<delete>%extern%/libs/eyeWidgets/codepress/engines/khtml.js</delete>
		<delete>%extern%/libs/eyeWidgets/codepress/engines/older.js</delete>
		<delete>%system%/conf/skel/conf/eyeTrash/</delete>
		<delete>%system%/conf/skel/conf/eyeUpload/</delete>
		<delete>%system%/conf/skel/conf/i18n/</delete>
		<!-- eyeOS 1.8.0.0 Preview 1 -->
		<delete>%apps%/eyeCode/</delete>
		<delete>%apps%/eyeDesk/draw.eyecode</delete>
		<delete>%apps%/eyeGroups/events.eyecode</delete>
		<delete>%apps%/eyeTrash/events.eyecode</delete>
		<delete>%apps%/eyeUpload/tabs/flash.eyecode</delete>
		<delete>%apps%/eyeUpload/tabs/normal.eyecode</delete>
		<delete>%apps%/eyeX/screen.eyecode</delete>
		<delete>%apps%/share/eyeDesk/contextFile.xml</delete>
		<delete>%apps%/share/eyeDesk/contextLink.xml</delete>
		<delete>%apps%/share/eyeDesk/contextMenu.xml</delete>
		<delete>%apps%/share/eyeFiles/conf.xml</delete>
		<delete>%apps%/share/eyeFiles/conf_actions.xml</delete>
		<delete>%apps%/share/eyeTrash/</delete>
		<delete>%extern%/apps/eyeCalendar/css/</delete>
		<delete>%extern%/apps/eyeChess/eyeChess_IE6.js</delete>
		<delete>%extern%/apps/eyeFTP/css/</delete>
		<delete>%extern%/apps/eyeFiles/</delete>
		<delete>%extern%/apps/eyeLogin/themes/default/gfx/</delete>
		<delete>%extern%/apps/eyeLogin/themes/default/js/</delete>
		<delete>%extern%/apps/eyeManageApps/</delete>
		<delete>%extern%/apps/eyeSheets/print.css</delete>
		<delete>%extern%/apps/eyeSheets/print_noline.css</delete>
		<delete>%extern%/apps/eyeSheets/styles.css</delete>
		<delete>%extern%/apps/eyeSheets/styles_noline.css</delete>
		<delete>%extern%/apps/eyeVideo/swfobject.eyecode</delete>
		<delete>%extern%/apps/miniCalendar/</delete>
		<delete>%extern%/apps/miniHome/</delete>
		<delete>%extern%/apps/miniMessages/</delete>
		<delete>%system%/kernel/alias.eyecode</delete>
		<!-- eyeOS 1.8.0.0 -->
		<delete>%system%/services/eyeFiles/</delete>
		<delete>%system%/services/eyex/alias.eyecode</delete>
		<!-- eyeOS 1.8.0.2 -->
		<delete>%extern%/apps/eyeTetravex/swf/eyetetravex.swf</delete>
		<!-- eyeOS 1.8.0.3 -->
		<delete>%apps%/share/eyeFiles/menu_real.xml</delete>
		<!-- eyeOS 1.8.5.0 -->
		<delete>%apps%/eyeContacts/com.eyecode</delete>
		<delete>%apps%/eyeContacts/events.eyecode</delete>
		<delete>%apps%/eyeContacts/forms/</delete>
		<delete>%extern%/apps/eyeContacts/</delete>
		<delete>%extern%/apps/eyeX/themes/default/icons/30x30/</delete>
		<delete>%extern%/apps/eyeX/themes/default/icons/60x60/</delete>
		<delete>%extern%/apps/eyeX/themes/default/icons/scalable/</delete>
		<delete>%extern%/apps/eyeX/themes/default/images/IE/</delete>
		<delete>%extern%/apps/eyeX/themes/default/images/apps/eyeMail/</delete>
		<delete>%extern%/apps/eyeX/themes/default/images/apps/eyeSnow/</delete>
		<delete>%extern%/apps/eyeX/themes/default/images/desktop/calendar.png</delete>
		<delete>%extern%/apps/eyeX/themes/default/images/desktop/clock.png</delete>
		<delete>%extern%/apps/eyeX/themes/default/images/desktop/clock_x.png</delete>
		<delete>%extern%/apps/eyeX/themes/default/images/desktop/messagebox.png</delete>
		<delete>%extern%/apps/eyeX/themes/default/images/minimized/minbar_left.png</delete>
		<delete>%extern%/apps/eyeX/themes/default/images/minimized/minbar_right.png</delete>
		<delete>%extern%/apps/eyeX/themes/default/images/windows/bg_top_left.png</delete>
		<delete>%extern%/apps/eyeX/themes/default/images/windows/bg_top_right.png</delete>
		<delete>%extern%/apps/eyeX/themes/default/images/windows/close.gif</delete>
		<delete>%extern%/apps/eyeX/themes/default/images/windows/help.png</delete>
		<delete>%extern%/apps/eyeX/themes/default/images/windows/help_x.png</delete>
		<delete>%extern%/apps/eyeX/themes/default/images/windows/max.gif</delete>
		<delete>%extern%/apps/eyeX/themes/default/images/windows/min.gif</delete>
		<delete>%extern%/apps/eyeX/themes/default/images/windows/resize.gif</delete>
		<delete>%system%/conf/skel/files/Desktop/Contacts.eyeLink</delete>
		<!-- eyeOS 1.8.5.1 -->
		<delete>%extern%/apps/eyeAddressBook/</delete>
		<!-- eyeOS 1.8.5.3 -->
		<delete>%apps%/eyeDocs/html_to_doc.eyecode</delete>
		<!-- eyeOS 1.8.6.0 -->
		<delete>%extern%/apps/eyeMedia/eyeMedia.png</delete>
		<!-- eyeOS 1.8.7.0 Preview 1 -->
		<delete>%extern%/apps/eyeVideo/flowPlayer.js</delete>
		<delete>%extern%/apps/eyeVideo/fullscreen.js</delete>
		<delete>%extern%/apps/eyeVideo/suggestions.js</delete>
		<delete>%extern%/apps/eyeVideo/swfobject.js</delete>
		<delete>%extern%/apps/eyeX/themes/default/css/apps/eyeSheets/print_noline.css</delete>
		<delete>%extern%/apps/eyeX/themes/default/css/apps/eyeSheets/styles_noline.css</delete>
		<!-- eyeOS 1.8.7.0 Preview 2 -->
		<delete>%apps%/eyeControl/default/extEdit.eyecode</delete>
		<delete>%apps%/eyeControl/default/eyeExt.eyecode</delete>
		<delete>%apps%/eyeControl/default/eyeSMTP.eyecode</delete>
		<delete>%apps%/eyeControl/events/extEdit.eyecode</delete>
		<delete>%apps%/eyeControl/events/eyeExt.eyecode</delete>
		<delete>%apps%/eyeControl/events/eyeSMTP.eyecode</delete>
		<!-- eyeOS 1.9.0.0 Preview 1 -->
		<delete>%apps%/eyeBar/</delete>
		<delete>%apps%/eyeDesk_extras/</delete>
		<delete>%apps%/eyeDockText/</delete>
		<delete>%apps%/eyeLightDesk/</delete>
		<delete>%apps%/share/eyeHelp/1.8/</delete>
		<delete>%apps%/share/eyeLightDesk/</delete>
		<delete>%extern%/apps/eyeBar/</delete>
		<delete>%extern%/apps/eyeDesk_extras/</delete>
		<delete>%extern%/apps/eyeDock/js/</delete>
		<delete>%extern%/apps/eyeX/gfx/doowee.png</delete>
		<delete>%extern%/apps/eyeX/themes/classic/</delete>
		<delete>%extern%/apps/eyeX/themes/default/css/apps/eyeManageApps/</delete>
		<delete>%extern%/apps/eyeX/themes/default/icons/20x20/</delete>
		<delete>%extern%/apps/eyeX/themes/default/icons/48x48/eyeFeeds.png</delete>
		<delete>%extern%/apps/eyeX/themes/default/images/apps/eyeAddressBook/delete.png</delete>
		<delete>%extern%/apps/eyeX/themes/default/images/apps/eyeAddressBook/edit.png</delete>
		<delete>%extern%/apps/eyeX/themes/default/images/apps/eyeAddressBook/list-add.png</delete>
		<delete>%extern%/apps/eyeX/themes/default/images/apps/eyeAddressBook/search.png</delete>
		<delete>%extern%/apps/eyeX/themes/default/images/apps/eyeAddressBook/settings.png</delete>
		<delete>%extern%/apps/eyeX/themes/default/images/apps/eyeBar/</delete>
		<delete>%extern%/apps/eyeX/themes/default/images/apps/eyeDock/bg.png</delete>
		<delete>%extern%/apps/eyeX/themes/default/images/apps/eyeDock/bottom_left.png</delete>
		<delete>%extern%/apps/eyeX/themes/default/images/apps/eyeDock/bottom_right.png</delete>
		<delete>%extern%/apps/eyeX/themes/default/images/apps/eyeDock/center.png</delete>
		<delete>%extern%/apps/eyeX/themes/default/images/apps/eyeDock/center_ie6.png</delete>
		<delete>%extern%/apps/eyeX/themes/default/images/apps/eyeDock/dockbgover.png</delete>
		<delete>%extern%/apps/eyeX/themes/default/images/apps/eyeDock/icons/</delete>
		<delete>%extern%/apps/eyeX/themes/default/images/apps/eyeDock/left.png</delete>
		<delete>%extern%/apps/eyeX/themes/default/images/apps/eyeDock/line.png</delete>
		<delete>%extern%/apps/eyeX/themes/default/images/apps/eyeDock/right.png</delete>
		<delete>%extern%/apps/eyeX/themes/default/images/apps/eyeDock/top_left.png</delete>
		<delete>%extern%/apps/eyeX/themes/default/images/apps/eyeDock/top_right.png</delete>
		<delete>%extern%/apps/eyeX/themes/default/images/apps/eyeFiles/</delete>
		<delete>%extern%/apps/eyeX/themes/default/images/apps/eyeLightDesk/</delete>
		<delete>%extern%/apps/eyeX/themes/default/images/apps/eyeNav/</delete>
		<delete>%extern%/apps/eyeX/themes/default/images/apps/miniActions/</delete>
		<delete>%extern%/apps/eyeX/themes/default/images/apps/miniCalendar/</delete>
		<delete>%extern%/apps/eyeX/themes/default/images/apps/miniHome/</delete>
		<delete>%extern%/apps/eyeX/themes/default/images/apps/miniMessages/</delete>
		<delete>%extern%/apps/eyeX/themes/default/images/toolbar/</delete>
		<delete>%extern%/apps/eyeX/themes/default/load.eyecode</delete>
		<delete>%extern%/apps/eyeX/themes/default/unload.eyecode</delete>
		<delete>%extern%/apps/eyeX/themes/eyeFusion/</delete>
		<delete>%extern%/apps/eyeX/themes/lightdesk/</delete>
		<delete>%system%/conf/skel/conf/eyeBar/</delete>
		<delete>%system%/conf/skel/conf/eyeContacts/</delete>
		<delete>%system%/conf/skel/conf/eyeDesk/gfx/</delete>
		<delete>%system%/conf/skel/conf/eyeDock/eyeDock.xml</delete>
		<delete>%system%/conf/skel/conf/eyex/</delete>
		<delete>%system%/conf/skel/conf/filetypes/</delete>
		<!-- eyeOS 1.9.0.0 Preview 2 -->
		<delete>%apps%/eyeWidgets/</delete>
		<delete>%apps%/share/eyeHelp/1.9/</delete>
		<delete>%extern%/apps/eyeX/themes/air/</delete>
		<delete>%extern%/apps/eyeX/themes/default/images/apps/eyeMail/</delete>
		<delete>%extern%/apps/eyeX/themes/oxygen/</delete>
		<!-- eyeOS 1.9.0.0 -->
		<delete>./iphone/eyeOs_files/eyeos.png</delete>
		<delete>%apps%/share/filetypes/tar.bz2.xml</delete>
		<delete>%apps%/share/filetypes/tar.gz.xml</delete>
		<!-- eyeOS 1.9.0.2 -->
		<delete>%extern%/libs/eyeSound/null.mp3</delete>
		<!-- oneye 0.8.0 Release Candidate 1 -->
		<delete>%apps%/eyeClipart</delete>
		<delete>%extern%/apps/eyeSnow</delete>
		<delete>%extern%/libs/eyeWidgets/tiny_mce/plugins/safari</delete>
		<delete>%extern%/libs/eyeWidgets/tiny_mce/plugins/media/img</delete>
		<delete>%extern%/libs/eyeWidgets/tiny_mce/plugins/pagebreak/css</delete>
		<delete>%extern%/libs/eyeWidgets/tiny_mce/plugins/pagebreak/img</delete>
		<!-- oneye 0.8.0 -->
		<delete>%apps%/eyeMovies</delete>
		<delete>%apps%/share/filetypes/avi.xml</delete>
		<delete>%apps%/share/filetypes/divx.xml</delete>
		<!-- oneye 0.9.0 Release Candidate 1 -->
		<delete>./log</delete>
		<delete>%apps%/eyeString/lib</delete>
		<delete>%extern%/extern/apps/eyePdf/pdf.js/viewer.html</delete>
		<delete>%extern%/extern/apps/eyePdf/pdf.js/js/charsets.js</delete>
		<delete>%extern%/extern/apps/eyePdf/pdf.js/js/charsets.min.js</delete>
		<delete>%extern%/extern/apps/eyePdf/pdf.js/js/cidmaps.js</delete>
		<delete>%extern%/extern/apps/eyePdf/pdf.js/js/cidmaps.min.js</delete>
		<delete>%extern%/extern/apps/eyePdf/pdf.js/js/crypto.js</delete>
		<delete>%extern%/extern/apps/eyePdf/pdf.js/js/crypto.min.js</delete>
		<delete>%extern%/extern/apps/eyePdf/pdf.js/js/fonts.js</delete>
		<delete>%extern%/extern/apps/eyePdf/pdf.js/js/fonts.min.js</delete>
		<delete>%extern%/extern/apps/eyePdf/pdf.js/js/glyphlist.js</delete>
		<delete>%extern%/extern/apps/eyePdf/pdf.js/js/glyphlist.min.js</delete>
		<delete>%extern%/extern/apps/eyePdf/pdf.js/js/metrics.js</delete>
		<delete>%extern%/extern/apps/eyePdf/pdf.js/js/metrics.min.js</delete>
		<delete>%system%/conf/log.xml</delete>
		<delete>%system%/lib/eyeAddressBook/lib</delete>
		<delete>%system%/lib/eyeContacts/lib</delete>
		<delete>%system%/lib/eyeFileArchive/lib</delete>
		<delete>%system%/lib/eyeFiles/class.imagebmp.eyecode</delete>
		<delete>%system%/lib/eyeIPC/eyeShareClass.eyecode</delete>
		<delete>%system%/lib/eyeIPC/modules</delete>
		<delete>%system%/lib/eyeSockets</delete>
		<delete>%system%/lib/eyeString/replaces</delete>
		<delete>%system%/lib/eyeString/utils</delete>
		<delete>%system%/services/log</delete>
		<delete>./xml-rpc/compat</delete>
	</files>
</eyeInstaller>
<eyePackage>
	<delete>
		<1.5.0.0>accounts</1.5.0.0>
		<1.5.0.0>apps/share/addLink</1.5.0.0>
		<1.5.0.0>apps/share/eyeBoard</1.5.0.0>
		<1.6.0.3>apps/share/eyeDesk</1.6.0.3>
		<1.6.0.0>apps/share/eyeFeeds</1.6.0.0>
		<1.10.0.0>apps/share/eyeLogin</1.10.0.0>
		<1.6.0.0>apps/share/eyeTetravex</1.6.0.0>
		<1.11.0.0>apps/share/filetypes</1.11.0.0>
		<1.5.0.0>groups</1.5.0.0>
		<1.5.0.0>logs</1.5.0.0>
		<1.5.0.0>system/conf/eyex.xml</1.5.0.0>
		<1.5.0.0>system/conf/log.xml</1.5.0.0>
		<1.9.0.3>system/conf/ports.xml</1.9.0.3>
		<1.5.0.0>system/conf/sec.xml</1.5.0.0>
		<1.5.0.0>system/conf/skel/conf/eyeCalendar</1.5.0.0>
		<1.11.0.0>system/conf/skel/conf/eyeDock</1.11.0.0>
		<1.11.0.0>system/conf/skel/conf/eyeFeeds</1.11.0.0>
		<1.10.0.1>system/conf/skel/conf/eyeNav</1.10.0.1>
		<1.10.0.0>system/conf/skel/conf/eyePdf</1.10.0.0>
		<1.5.0.0>system/conf/skel/conf/i18n</1.5.0.0>
		<1.8.0.0>system/conf/skel/files</1.8.0.0>
		<1.6.0.3>system/conf/skel/public</1.6.0.3>
		<1.5.0.0>system/conf/skel/swap</1.5.0.0>
		<1.5.0.0>system/conf/skel/tmp</1.5.0.0>
		<1.5.0.0>system/conf/skel/trash</1.5.0.0>
		<1.5.0.0>system/conf/system.xml</1.5.0.0>
		<1.5.0.0>system/conf/ports</1.5.0.0>
		<1.8.7.1>system/conf/xml-rpc</1.8.7.1>
		<1.5.0.0>tmp</1.5.0.0>
		<1.5.0.0>users</1.5.0.0>
	</delete>
</eyePackage>
<eyeUpdater>
	<settings>
		<REAL_EYE_ROOT>eyeOS</REAL_EYE_ROOT>
		<VFS_MODULE>virtual</VFS_MODULE>
		<UM_MODULE>eyeos</UM_MODULE>
		<REAL_ROOTUSER>root</REAL_ROOTUSER>
	</settings>
</eyeUpdater>